date,location,title,categories,source_link
2024-07-04,bolivia,"A week after an alleged coup attempt in Bolivia, confusion and conspiracy theories reign",Political Events,https://apnews.com/article/bolivia-military-coup-conspiracy-rumors-arce-zuniga-906af02327b909351e797025155a2f5a
2024-07-02,bolivia,Bolivia summons Argentine ambassador for reprimand over its claims of a fake coup,Political Events,https://apnews.com/article/bolivia-argentina-relations-army-coup-rebellion-fake-milei-morales-7e82e262b8c28c379905c63188449ba9
2024-07-01,bolivia,Economic turmoil in Bolivia fuels distrust in government and its claim of a ‘failed coup’,Political Events,https://apnews.com/article/bolivia-economy-distrust-arce-morales-cdb4672eb26c68d130df924fa2913403
2024-07-01,bolivia,"Bolivian president orchestrated a ‘self-coup,’ political rival Evo Morales claims",Political Events,https://apnews.com/article/bolivia-coup-accusation-arce-morales-b0051f5a98fdd7ec5ba212bbe49d9850
2024-06-29,bolivia,Bolivia’s leader says the general accused of leading failed coup wanted to ‘take over’ as president,Political Events,https://apnews.com/article/bolivia-president-coup-arce-interview-ade93ba7392bfaa18fd0b39bd0647473
2024-06-27,bolivia,Relatives of detainees in coup attempt in Bolivia said troopers were deceived to follow orders,Political Events,https://apnews.com/video/bolivia-coups-detat-la-paz-military-and-defense-protests-and-demonstrations-972397b871524f0484d745ba1dbe6ce0
2024-06-27,bolivia,Bolivia’s leader says the general accused of leading failed coup wanted to ‘take over’ as president,Political Events,https://apnews.com/video/coups-detat-bolivia-spain-government-4dce101e8d6044d48097a9bb2b8250ec
2024-06-27,bolivia,Bolivia president angrily rejects allegations he was behind attempted coup,Political Events,https://apnews.com/video/bolivia-coups-detat-indictments-1883b7d70e374200bf3b6581afd0818f
2024-06-29,bolivia,Families say those detained in Bolivia failed coup were tricked. President says it’s not his problem,Political Events,https://apnews.com/article/bolivia-coup-attempt-detained-zuniga-arce-e4e8f20fe61f6a61ffc54fe15f556798
2024-06-28,bolivia,US scenarios to advance past the first round at Copa America,Other,https://apnews.com/article/copa-america-us-scenarios-fe25e2233460ee5cafc1d7009c2c8354
2024-06-28,bolivia,"Who is General Zúñiga, the shadowy officer behind the thwarted coup in Bolivia?",Culture and Society,https://apnews.com/article/bolivia-army-chief-coup-attempted-foiled-2698e4bf34f25f8dddb1542a41f2f27d
2024-06-28,bolivia,Bolivia’s president lambasts accusations of a self-coup as ‘lies’ as his supporters rally,Political Events,https://apnews.com/article/bolivia-military-coup-arce-zuniga-arrest-568a17444e3356bce9812b7979e933f4
2024-06-26,bolivia,What triggered the coup attempt in Bolivia?,Political Events,https://apnews.com/article/bolivia-coup-arce-morales-military-army-la-paz-b41453606ccd31c8f0cc4b3b7e3732ca
2024-06-27,bolivia,President Luis Arce’s career has mirrored Bolivia’s economic trajectory from boom to bust,Political Events,https://apnews.com/article/bolivia-coup-army-president-luis-arce-7d15ca2b18202842b2f615594cc950fd
2024-06-27,bolivia,Bolivian general arrested after apparent failed coup attempt as government faces new crisis,Political Events,https://apnews.com/article/bolivia-military-deployment-arce-coup-fears-028cd88f3be1fb02164c05deb0faa099
2024-06-24,bolivia,"Pulisic scores, assists on Balogun goal to lead U.S. over Bolivia 2-0 in Copa America opener",Other,https://apnews.com/article/us-bolivia-copa-america-score-afc4a8cfc391668bbaaf555bf879c455
2024-06-23,bolivia,Bitter political fight in Bolivia is paralyzing the government as unrest boils over economic crisis,Political Events,https://apnews.com/article/bolivia-morales-arce-political-economic-crisis-d38051e051a2e6473a18133e4a9c6120
2024-06-11,bolivia,A brew of ancient coca is Bolivia’s buzzy new beer. But it’s unclear if the world will buy in,Other,https://apnews.com/article/bolivia-morales-cocaine-coca-leaf-indigenous-us-493894d8510c1d122f62bd3a4d3af2b6
2024-06-08,bolivia,Luis Suarez will play in his fifth Copa America,Other,https://apnews.com/article/suarez-uruguay-copa-america-e29c644fb53a7dc6110d4e216f030df3
2024-04-26,bolivia,Why you might have heard Paul Simon’s ‘The Sound of Silence’ at Spanish Mass,Other,https://apnews.com/article/spanish-mass-our-father-paul-simon-music-c496e1fa50121232b55616988bdb8a63
2024-04-05,bolivia,"Mexican president wanted to lead Latin America, but reality and his own rhetoric got in the way",Political Events,https://apnews.com/article/mexico-ecuador-ambassador-expelled-latin-america-diplomacy-90b5a9b98a7ac25b6b76e5b3bde16e2e
2024-03-01,bolivia,AP Week in Pictures: Global,Other,https://apnews.com/article/ap-global-photos-this-week-57ea213d1490e7038888327ed286121b
2023-12-05,bolivia,Former career US diplomat charged with secretly spying for Cuban intelligence for decades,Security and Law Enforcement,https://apnews.com/article/cuba-bolivia-former-ambassador-arrested-e30bf2d027e32ac8b66ff051062273dc
2023-12-04,bolivia,"Former US ambassador arrested in Florida, accused of serving as an agent of Cuba, AP source says",Political Events,https://apnews.com/article/fbi-cuba-bolivia-former-ambassador-arrested-af9d80a4f268099364dff249dd74b3ec
2023-09-29,bolivia,Man United winger Antony to resume playing after allegations of domestic abuse,Political Events,https://apnews.com/article/man-united-antony-ten-hag-161e98c9cc7d422fcb35fbf1c3d9e5f1
2023-09-28,bolivia,"Inspired by llamas, the desert and Mother Earth, these craftswomen weave sacred textiles",Culture and Society,https://apnews.com/article/chile-aymara-sacred-textile-craft-e538a3a65e236cf04ce0ee30856f6bdf
2023-09-13,bolivia,Messi misses Argentina’s 3-0 win in Bolivia; Brazil beats Peru in World Cup qualifiers,Other,https://apnews.com/article/argentina-messi-out-bolivia-qualifying-c7dda26d4c0047bc29994f654269c88f
2023-09-09,bolivia,Neymar breaks Pele’s Brazil goal-scoring record in 5-1 win in South American World Cup qualifying,Other,https://apnews.com/article/neymar-pele-brazil-goal-record-6f63ff83d614d1b5c0a3b5d84c508248
2023-09-07,bolivia,"Neymar says not 100% fit for Brazil, compares Saudi league to French",Sports,https://apnews.com/article/neymar-brazil-soccer-saudi-arabia-france-edcb9f811ba5182108c824599a3b7106
2023-09-06,bolivia,Bolivia’s opposition leader undergoes medical tests as his pre-trial detention drags on for months,Political Events,https://apnews.com/article/bolivia-camacho-santa-cruz-24ce0745bf210d7a99093360ad9f6b84
2023-07-29,bolivia,A drought alert for receding Lake Titicaca has Indigenous communities worried for their future,Other,https://apnews.com/article/lake-titicaca-drought-bolivia-aymara-5e5f149eacfbef2e094db5a0a3a43d30
2023-07-28,bolivia,Bolivia is the latest South American nation to use China’s yuan for trade in challenge to the dollar,International Relations and Diplomacy,https://apnews.com/article/yuan-bolivia-trade-argentina-brazil-dollar-696bfb7c5ab68d4f0a87a7f6557678f0
2023-07-26,bolivia,Bolivia says it is interested in obtaining Iranian drone technology to protect its borders,Technology,https://apnews.com/article/iran-argentina-novillo-tehran-drones-570b75c7ca61bb6bbf6ca250ccb75828
2023-07-25,bolivia,Argentina demands that Bolivia explain its new defense agreement with Iran,Political Events,https://apnews.com/article/argentina-bolivia-iran-defense-mou-2cb8c5917fdb6d3e01af4c67af969797
2023-07-20,bolivia,"Bolivia boosts lithium resources estimate, cementing spot as global leader",Other,https://apnews.com/article/bolivia-lithium-resources-15e170b6f2f42079b750d262da9c258a
2023-06-16,bolivia,Pope Francis expresses concern and dismay over alleged abuse by priests in Bolivia,Other,https://apnews.com/article/pope-francis-bolivia-abuse-pedophilia-pedrajas-d41db17e4432b976e8dd2ffc2b3ec094
2023-06-02,bolivia,Bolivian Catholics unfazed by sex scandals as they gear up for massive festival,Culture and Society,https://apnews.com/article/great-power-bolivia-sex-abuse-pedophilia-dad55791a3c076f3ea8e24e64392d493
2023-06-01,bolivia,"Bolivia government says trustee probing bank died by suicide, but some demand new investigation",Political Events,https://apnews.com/article/bolivia-fassil-bank-colodro-trustee-death-62eb617c37cf606d795ce7ec7eceee76
2024-07-01,chile,"Stolen at birth, an adoptee sues Chile over thousands of similar dictatorship-era crimes",Political Events,https://apnews.com/article/chile-stolen-babies-a0059b37d3144712c897d49aa907f86f
2024-06-20,chile,Train collision in Chile kills at least 2 people and injures 9 others,Other,https://apnews.com/article/chile-train-collision-san-bernardo-57a473185042654ccd6e1de13b003b44
2024-05-23,chile,"In message to Russia, Chilean lawmakers meet in Antarctica to underline territorial claims",Other,https://apnews.com/article/chile-russia-antarctica-science-polar-argentina-oil-minerals-climate-change-7dcf5bfd3d38baada0eeebc199500ef0
2024-05-18,chile,"An unusual autumn freeze grips parts of South America, giving Chile its coldest May in 74 years",Culture and Society,https://apnews.com/article/chile-argentina-paraguay-cold-weather-e0aee88ea6475f0665283aa08cf0a313
2024-03-26,chile,Kolo Muani scores and assists as France fails to impress in 3-2 win over Chile,Other,https://apnews.com/article/soccer-france-chile-friendly-score-00131243e5d8fed4bc142f7055da6996
2024-06-27,chile,"Stolen at birth, adoptee sues Chile over thousands of similar dictatorship-era crimes",Political Events,https://apnews.com/video/chile-augusto-pinochet-theft-crime-lawsuits-c7d4cb74880344c78de5f25fbec9bdc5
2024-06-27,chile,Latin America celebrates Pride and a history of fighting for rights,Other,https://apnews.com/video/mexico-city-mexico-chile-peru-government-peru-afc16fd0191b4c05bcd7c5e637925120
2024-06-27,chile,"Two trains collide head-on in Chile, police investigate causes of unusual incident",Security and Law Enforcement,https://apnews.com/video/rail-accidents-chile-santiago-935c3bc5d39349c990bfe46b85db040d
2024-06-30,chile,Canada advances to Copa America quarterfinals in first appearance after scoreless draw with Chile,Culture and Society,https://apnews.com/article/chile-canada-copa-america-415c69faa50829a59baa26bcabea436f
2024-03-23,chile,"For Haitian diaspora, gang violence back home is personal as hopes dim for eventual return",Other,https://apnews.com/article/haiti-diaspora-border-biden-mexico-4c80dfb4b8fb6821a9d1534527b9d75a
2024-03-13,chile,"Native groups sit on a treasure trove of lithium. Now mines threaten their water, culture and wealth",Culture and Society,https://apnews.com/article/lithium-water-mining-indigenous-cb2f5b1580c12f8ba1b19223648069b7
2024-03-07,chile,Canada to play Netherlands in June 6 exhibition at Rotterdam,Other,https://apnews.com/article/canada-netherlands-exhibition-7abe6a487c080c71158d9e93b0b01a9a
2024-02-21,chile,"Death of Chilean poet Pablo Neruda days after 1973 coup should be reinvestigated, court rules",Security and Law Enforcement,https://apnews.com/article/chile-pablo-neruda-poet-death-poisoning-salvador-allende-pinochet-0838dbd970fdb9c10b0a3604352a53ae
2024-02-19,chile,"Illegally adopted during Chile’s dictatorship, they’re now reuniting with biological families",Other,https://apnews.com/article/chile-illegal-adoptions-dictatorship-f1b022c18296d7ad8ecc1cb30ca0a879
2024-02-09,chile,Ex-Catholic priest gets nearly 22 years in prison for attempted sexual abuse of a South Carolina boy,Other,https://apnews.com/article/catholic-priest-sex-abuse-prison-south-carolina-4756516233f710e2c171daf15c02a557
2024-02-07,chile,"Chilean ex-President Piñera drowned after a crash in a helicopter he was piloting, prosecutors say",Political Events,https://apnews.com/article/chile-ex-president-sebastian-pinera-helicopter-crash-fd66912b5db003e98399a2dad6afad3a
2024-02-07,chile,Former Chilean President Sebastián Piñera dies in a helicopter crash. He was 74,Political Events,https://apnews.com/article/chile-sebastian-pinera-former-president-helicopter-5fa310f8516086a733055b6d2c35a2c8
2024-01-25,chile,Colombia declares a disaster because of wildfires and asks for international help,International Relations and Diplomacy,https://apnews.com/article/colombia-wildfires-el-nino-rain-97822859911613e3d8cd353924e96d12
2023-12-18,chile,"Chilean voters reject conservative constitution, after defeating leftist charter last year",Culture and Society,https://apnews.com/article/chile-new-constitution-referendum-f7be231ff564856f6a5e1b0c0ac12c57
2023-12-15,chile,Chile arrests 55 people in a $275 million tax fraud case that officials call the country’s biggest,Political Events,https://apnews.com/article/chile-fiscal-fraud-arrests-tax-52f1b7fefbdcf6f68d959915cfba0944
2023-12-11,chile,"On Antarctica’s ice and in its seas, penguins in a warming world",Other,https://apnews.com/article/antarctica-penguins-climate-change-guterres-photos-2c4aae5ef61ac2428661a40e54239859
2023-12-03,chile,Henry Kissinger’s unwavering support for brutal regimes still haunts Latin America,Other,https://apnews.com/article/kissinger-legacy-latin-america-chile-argentina-4780b50a4cc7f865b9771c1ab25a7187
2023-11-30,chile,Henry Kissinger’s complicated legacy draws admiration and scorn from across the globe,Other,https://apnews.com/article/kissinger-death-global-reaction-4e98e88ae257d21603924651c75a383d
2023-11-24,chile,"‘We absolutely need to act immediately,’ says UN chief during visit to Antarctica ahead of COP28",International Relations and Diplomacy,https://apnews.com/article/cop-guterres-antarctica-climate-change-efb31afe790523e2a79aff49a4f78d9c
2023-11-07,chile,Chile president calls for referendum on new constitution proposal drafted by conservative councilors,Political Events,https://apnews.com/article/chile-constitution-boric-pinochet-hevia-e752d1656e7f3c648fb771ab786a3b48
2023-11-01,chile,Israel criticizes South American countries after they cut diplomatic ties and recall ambassadors,Political Events,https://apnews.com/article/israel-bolivia-colombia-chile-argentina-brazil-4cc038c0dbe1de9b5e4118e2ceac2181
2023-11-01,chile,Bolivia severs diplomatic ties with Israel as Chile and Colombia recall their ambassadors,Political Events,https://apnews.com/article/bolivia-israel-gaza-diplomatic-relations-f403fc27c9b2194a317fda829fb7ed08
2023-10-31,chile,Powerful 6.6-earthquake strikes off the coast of Chile and is felt in neighboring Argentina,Culture and Society,https://apnews.com/article/chile-earthquake-atacama-argentina-67accfcdd48a846d60c7a1c6a017efc9
2023-10-29,chile,Young talents push U.S. women’s national soccer team to Pan American Games semifinal,Sports,https://apnews.com/article/womens-soccer-united-states-pan-american-games-e016da3b7faeec564f055751a5828978
2023-10-23,chile,"Skeet shooter Vincent Hancock and gymnast Jordan Chiles, U.S. flagbearers in Pan Am Games, win gold",Sports,https://apnews.com/article/hancock-shooter-gold-pan-american-games-e22280ed2892c5adc2407d0edf730aa0
2023-10-19,chile,"TV equipment stolen from Pan Am Games’ opening ceremony site in Chile, boosting security concerns",Security and Law Enforcement,https://apnews.com/article/insecurity-santiago-pan-american-games-4734a5daa1ecfc28dfe33b021d3b6677
2023-10-17,chile,Pan American Games set to open in Chile with many athletes eyeing spots at the Paris Olympics,Sports,https://apnews.com/article/pan-american-games-preview-chile-90c82443393bc607a581abd8f2193b77
2023-09-28,chile,"Inspired by llamas, the desert and Mother Earth, these craftswomen weave sacred textiles",Culture and Society,https://apnews.com/article/chile-aymara-sacred-textile-craft-e538a3a65e236cf04ce0ee30856f6bdf
2023-09-22,chile,South America’s 2030 World Cup soccer bid seeks to rise above political tensions in the region,Political Events,https://apnews.com/article/world-cup-2030-south-american-bid-e6ec0667dbc76235ff51102d1cdb13b1
2023-09-20,chile,"In Chile, justice eludes victims of Catholic clergy sex abuse years after the crisis exploded",Other,https://apnews.com/article/chile-catholic-church-clergy-sex-abuse-c11f8200a6b64c1b88e1b492cca6d196
2023-09-14,chile,Ex-Wallaby Leali’ifano Samoa’s flyhalf against Chile in Rugby World Cup opener,Other,https://apnews.com/article/samoa-chile-rugby-world-cup-d371321a759bb1bdfcd55d80f62f7510
2023-09-12,chile,Spain strips deceased former Chilean President Pinochet of a Spanish military honor,Political Events,https://apnews.com/article/spain-chile-pinochet-medal-withdrawn-ebd4c700ca7b3c6739129ef982bdeb52
2023-09-11,chile,Chile president defends democracy 50 years after coup ushered in brutal military dictatorship,Political Events,https://apnews.com/article/chile-coup-anniversary-pinochet-allende-boric-c00adad8026a5dc54f2834ef9c31fb8a
2023-08-26,curacao,Curacao defeats Taiwan 2-0 in Little League World Series semifinal,International Relations and Diplomacy,https://apnews.com/article/little-league-international-curacao-taiwan-d45b1f50f87b2f32953f72f281882645
2023-08-25,curacao,Can Taiwan get back to the top at Little League World Series? Curacao is next obstacle,International Relations and Diplomacy,https://apnews.com/article/little-league-world-series-taiwan-curacao-f47187bf327a1a3c48f683b87d070f88
2022-11-16,curacao,US-owned firms appear to help Venezuela avoid US sanctions,International Relations and Diplomacy,https://apnews.com/article/business-venezuela-caribbean-curacao-f7e4f0cbcb315e392a5993678ac7341c
2022-08-29,curacao,"Hawaii wins Little League title, beating Curacao 13-3",Sports,https://apnews.com/article/covid-sports-health-travel-baseball-bc38356c91b090f5b1058b4fc40e8432
2022-08-27,curacao,Hawaii beats Tennessee 5-1 to take spot at LLWS championship,Sports,https://apnews.com/article/sports-baseball-tennessee-hawaii-honolulu-cab37214af218e920e25f477dfdc2a1e
2024-01-03,curacao,Curacao and St. Maarten to welcome new currency more than a decade after becoming autonomous,Culture and Society,https://apnews.com/article/curacao-st-maarten-caribbean-guilder-netherlands-antillean-5e8db57415afefb2096075a25538d089
2022-08-27,curacao,"Hawaii, Curacao take different routes to LLWS championship",Sports,https://apnews.com/article/sports-baseball-united-states-hawaii-nicaragua-3b8a3141a357b1af1bf514beae308aad
2022-08-27,curacao,Curacao shuts out Taiwan 1-0 to move to LLWS championship,International Relations and Diplomacy,https://apnews.com/article/travel-sports-baseball-williamsport-f9904c4af5e800b779069a721a4ec108
2022-08-26,curacao,"Taiwan, Curacao look to win international bracket at LLWS",International Relations and Diplomacy,https://apnews.com/article/sports-baseball-mexico-panama-nicaragua-e0c1d9db5d4a55b22c6fde4963c79953
2022-08-19,curacao,"Small but mighty, Curacao poised for Little League run",Sports,https://apnews.com/article/sports-baseball-williamsport-curacao-little-league-world-series-20e91a66019ef5a1cf400d04ac29f6ef
2022-08-06,curacao,Cubs DFA 4-time Gold-Glove winner Andrelton Simmons,Other,https://apnews.com/article/mlb-sports-chicago-cubs-los-angeles-dodgers-b9145ec27856e2994360a239d1127c0a
2022-06-30,curacao,Disturbance in Caribbean likely to become tropical storm,Other,https://apnews.com/article/storms-colombia-caribbean-venezuela-7ffe574667dd1f9612030f75d248928e
2022-06-29,curacao,Schools close as tropical disturbance nears Caribbean,Other,https://apnews.com/article/storms-caribbean-puerto-rico-tropical-7aef2320dff651d7cef98c7cb2f31bde
2022-06-14,curacao,Honduras downs Canada 2-1 in CONCACAF Nations League play,Sports,https://apnews.com/article/sports-soccer-honduras-international-curacao-973cd305c9c89014d21b5aa4bd59e983
2022-06-10,curacao,"Players return, Canada downs Curacao 4-0 in Nations League",Sports,https://apnews.com/article/sports-soccer-canada-curacao-british-columbia-4afedabbfb232b8af8dd8c2672290dfa
2022-06-07,curacao,Canada men back at practice after meeting with federation,Other,https://apnews.com/article/soccer-sports-curacao-fifa-womens-world-cup-a44d80c102e2bbe7b8ce419b18fea037
2022-03-16,curacao,Cubs finalize deal with slick-fielding shortstop Simmons ,Other,https://apnews.com/article/mlb-sports-new-york-minnesota-twins-baseball-68b069cfdf3bdbf89f5a005507ae3bf2
2022-03-12,curacao,"AP source: Cubs, Simmons agree to $4 million, 1-year deal",Other,https://apnews.com/article/mlb-sports-andrelton-simmons-atlanta-braves-baseball-0bedc27b9a1b77f6516835552a7b209e
2021-12-04,curacao,Former Dutch queen Beatrix tests positive for coronavirus,Health and Science,https://apnews.com/article/coronavirus-pandemic-health-caribbean-netherlands-the-hague-dfef334e2a801b0f273dca394f0d556e
2021-10-11,curacao,Amnesty: Curacao violating rights of Venezuelan migrants,Other,https://apnews.com/article/immigration-amnesty-international-puerto-rico-venezuela-caribbean-a6a729beb35a389f330aa7d436dfb380
2019-08-24,curacao,"Curaco beats Japan 5-4, moves to Little League title game",Sports,https://apnews.com/article/c49b418569214269b37e7e07b505cb58
2019-05-12,curacao,28 to remain on Scientology ship in Curacao in measles scare,Other,https://apnews.com/article/e43fdf0aac3c496b99d9f7dd8a8f502b
2019-05-04,curacao,Curacao officials board Scientology ship in measles case,Other,https://apnews.com/article/b1d6474a090342ce834a500dbdbfd45c
2019-05-03,curacao,Curacao to quarantine cruise ship for measles case,Other,https://apnews.com/article/96f5244fb652416caacc305db8bac7bb
2019-02-19,curacao,"Venezuela shuts sea, air links to Dutch islands amid turmoil",Other,https://apnews.com/article/caribbean-venezuela-south-america-curacao-nicolas-maduro-07b0ab4035ad4cf0ab9cedb805e4a7be
2017-07-17,curacao,Mexico beats Curacao 2-0 to win CONCACAF Group C,Other,https://apnews.com/article/soccer-entertainment-sports-international-soccer-curacao-de5a4b5f50fa478cb2dc8f1153d06b54
2017-07-17,curacao,Mexico beats Curacao 2-0 to win CONCACAF Group C,Other,https://apnews.com/article/soccer-entertainment-sports-international-soccer-curacao-37fd4f44eac24addbe4979bc2cc0bdb4
2014-07-16,curacao,Curacao searches for attackers in airport shooting,Other,https://apnews.com/article/europe-shootings-curacao-4a8765c687254b1698ce2b86d837ea05
2013-05-06,curacao,Curacao politician fatally shot by gunmen at beach,Other,https://apnews.com/article/europe-curacao-9e594e939b5f42a187199d51cd205c04
2024-07-01,ecuador,Mexico eliminated from Copa America as Ecuador earns spot in quarterfinals after 0-0 draw,Culture and Society,https://apnews.com/article/copa-america-mexico-ecuador-f2be379991b7b31a2a823721effab165
2024-06-27,ecuador,Venezuela advances to Copa America quarterfinals with a 1-0 win over Mexico on Rondón goal,Culture and Society,https://apnews.com/article/mexico-venezuela-score-dc03d531f518c26e7edb6cfafe21349a
2024-06-27,ecuador,Ecuador beats Jamaica 3-1 for first Copa America win since 2016 as Reggae Boyz eliminated,Other,https://apnews.com/article/jamaica-ecuador-copa-america-score-8c184e961bb6f21cadf62e5f941c40d5
2024-06-26,ecuador,A timeline of the legal case involving WikiLeaks founder Julian Assange,Other,https://apnews.com/article/julian-assange-wikileaks-timeline-18088045fb2d5dbd1cdd9f3821b35a53
2024-06-25,ecuador,Trial begins in Ecuador over murder of presidential candidate Villavicencio,Political Events,https://apnews.com/article/ecuador-presidential-candidate-murder-trial-2cf1e1f6a5254d9ad261baedb2e9980e
2024-06-27,ecuador,Rainbow flags fly as LGBTQ+ community of Ecuador marches for equal rights,Culture and Society,https://apnews.com/video/ecuador-discrimination-d95e8a1eb2474d9b9e493bca200d74f4
2024-06-27,ecuador,"Rescuers find more victims after landslide in Ecuador, raising death toll to eight",Other,https://apnews.com/video/ecuador-disaster-planning-and-response-quito-building-collapses-0f5832510cd04952ae033183adde95ea
2024-06-27,ecuador,Migrants are rattled and unsure as deportations begin under new rule halting asylum,Other,https://apnews.com/video/asylum-border-security-immigration-mexico-ecuador-b068063e62fa4e9da35149a2ae521a52
2024-07-07,ecuador,A court rules that pollution has violated the rights of a river that runs through Ecuador’s capital,Security and Law Enforcement,https://apnews.com/article/ecuador-river-pollution-court-orders-cleanup-dc8a52706a80898395a3c0a63b3dc17c
2024-06-30,ecuador,"Judge in Ecuador orders judges, attorneys and officials held in jail as part of corruption probe",Culture and Society,https://apnews.com/article/ecuador-corruption-judges-arrested-los-lobos-1396b3baf17966fadab5ab1e0e4ad9e5
2024-06-25,ecuador,Timeline of the Julian Assange legal saga over extradition to the US on espionage charges,Political Events,https://apnews.com/article/julian-assange-wikileaks-extradition-timeline-77a759d7408ebeb24d026a7c2c00feb3
2024-06-24,ecuador,WikiLeaks founder Julian Assange will plead guilty in deal with US and be freed from prison,Other,https://apnews.com/article/assange-plea-deal-wikileaks-justice-department-d329ba4614dbfa77b5eb968d07fd9bd0
2024-06-23,ecuador,"Cádiz, Bello each score a goal, Venezuela beats short-handed Ecuador 2-1 at Copa America",Other,https://apnews.com/article/ecuador-venezuela-copa-america-score-1fe2a650d004a9b19b3747d7b705f08e
2024-06-20,ecuador,Power outage leaves millions of Ecuadorians in the dark after transmission line fails,Other,https://apnews.com/article/ecuador-blackout-transmission-line-327e0637ef2c56f54181a5a920b166d9
2024-06-18,ecuador,Ecuador stops waiving visas for Chinese nationals because of an increase in irregular migration,Other,https://apnews.com/article/ecuador-china-visas-agreement-migration-5f44c3c0ad6bbb2b86aedb1e5a9798f3
2024-06-18,ecuador,"Rescuers find more victims after a landslide in Ecuador, rising the death toll to 8",Other,https://apnews.com/article/ecuador-landslide-weather-rains-natural-disaster-rescue-7ddeb0f7ff0c0d9681f1f6bdef0225cb
2024-06-17,ecuador,"Heavy rains set off landslides in Ecuador, killing at least 6 and leaving dozens missing",Other,https://apnews.com/article/ecuador-landslide-weather-rains-natural-disaster-rescue-19d5e19e9f0b719ccdf03e9134d40ce6
2024-06-15,ecuador,Ecuadorian lawmakers block indictment of vice president whom authorities accuse of collusion,Political Events,https://apnews.com/article/ecuador-vice-president-abad-noboa-corruption-b3f8c20e4c3ae238f4c067db92208d6e
2024-06-14,ecuador,"Spiraling criminal violence causes morgue to overflow, foul odors to spread in Ecuadorian city",Other,https://apnews.com/article/ecuador-morgue-bodies-guayaquil-odors-b797b631fc6dcce3762b9f4efa685d83
2024-06-12,ecuador,"Besides Messi, there is Vinicius Júnior, Valverde, Garnacho and Pulisic to watch at Copa America",Other,https://apnews.com/article/lionel-messi-vinicius-copa-america-ff1e2928104b1f82a17d4dfe8c2824fb
2024-06-03,ecuador,5 dogs with military intelligence unit in violence-plagued Ecuador given medals for service,Security and Law Enforcement,https://apnews.com/article/ecuador-military-intelligence-dogs-searches-drugs-d6789ca75d0d27dd3947be454e09e2a2
2024-05-28,ecuador,"Almost 2 months after embassy raid, Ecuador is ‘ready’ to talk with Mexico and reach solution",International Relations and Diplomacy,https://apnews.com/article/ecuador-embassy-raid-mexico-immigration-foreign-minister-8443efbf5d7eb2d68005991261c40ea9
2024-05-23,ecuador,Top UN court declines to issue preliminary orders in Mexico-Ecuador dispute over Quito embassy raid,Security and Law Enforcement,https://apnews.com/article/mexico-ecuador-embassy-court-glas-371b2dd2c697c4f6ff6a5c03c7ef0ac9
2024-05-18,ecuador,Protesters rally in Peru against decree classifying seven gender identities as “mental illness”,Political Events,https://apnews.com/article/peru-ecuador-protests-decree-gender-identities-5af57e9e9626b3199820bf303b666f27
2024-05-17,ecuador,Argentina and Messi will play 2 warm-up matches in the U.S. ahead of Copa America,Sports,https://apnews.com/article/argentina-copa-america-exhibition-matches-messi-3947dea97bb10877c9ea8b0e52e55622
2024-05-11,ecuador,"8 people were killed in a shooting attack at a bar in Ecuador, local police say",Security and Law Enforcement,https://apnews.com/article/ecuador-bar-shooting-violence-gangs-734528e27f04cc6beac88d26876fb050
2024-05-01,ecuador,Ecuador defends raid on the Mexican Embassy and tells top UN court it acted to take in a criminal,Security and Law Enforcement,https://apnews.com/article/mexico-ecuador-embassy-icj-688138e78a58ecb3351e65fa8ab1afba
2024-04-30,ecuador,Mexico is taking Ecuador to the top UN court over its storming of the Mexican Embassy,Security and Law Enforcement,https://apnews.com/article/mexico-ecuador-embassy-un-world-court-e526dbf4a00408ca4f00328fb6dd0541
2024-04-29,ecuador,Ecuador files complaint against Mexico at top UN court in spat over embassy raid,Security and Law Enforcement,https://apnews.com/article/ecuador-mexico-embassy-raid-world-court-f0374b683d5e6dd21b9cd50a19b224cd
2024-04-22,ecuador,Ecuadorians vote overwhelmingly in referendum to approve toughening fight against gangs,Other,https://apnews.com/article/ecuador-referendum-gangs-noboa-85cf4190ba1bdd6028ff78180340499f
2024-04-16,ecuador,Ecuador rations electricity as drought persists in the northern Andes,Other,https://apnews.com/article/ecuador-power-rationing-drought-el-nino-6fe1c30af1ca11dbe4ff5a9896982d7d
2024-04-17,ecuador,Venezuela closes its embassy in Ecuador to protest the police raid on the Mexican Embassy there,Political Events,https://apnews.com/article/venezuela-closes-embassy-ecuador-mexico-3874d5469a5ef3665e2130b12c4c8776
2024-04-12,ecuador,AP Week in Pictures: Latin America and Caribbean,Other,https://apnews.com/article/latin-america-caribbean-top-photos-this-week-1b4b996dedc9bd730039f9d25bc8f011
2024-04-11,ecuador,Mexico wants UN to suspend Ecuador over its police raid on the Mexican embassy in Quito,Security and Law Enforcement,https://apnews.com/article/mexico-ecuador-embassy-international-court-of-justice-8ccb69cdf7271f8a3c2ca6433bcbc4eb
2024-04-09,ecuador,Mexico releases video of Ecuador’s raid on its embassy,International Relations and Diplomacy,https://apnews.com/article/mexico-ecuador-embassy-raid-878c73754d0f08bd74de1babfcdf1c2c
2024-04-09,ecuador,Ecuadorians wanted an action man. President Noboa has fulfilled that role — embassy raid included,Political Events,https://apnews.com/article/ecuador-mexico-embassy-raid-crime-noboa-voters-0abd04431a9ac83d561bcfdc4a8557bd
2024-04-08,ecuador,Mexico and Ecuador’s governments had been feuding before police broke into the Mexican Embassy,Political Events,https://apnews.com/article/ecuador-mexico-embassy-raid-glas-noboa-diplomacy-e3065a4f1fd26d713a3da9538acaeecb
2024-04-07,ecuador,International leaders condemn Ecuador after police break into the Mexican Embassy in Quito,Security and Law Enforcement,https://apnews.com/article/ecuador-mexico-glas-noboa-e39b08390c4a2c83c5ae0ac234ddf135
2024-07-08,paraguay,Paraguay fires coach Garnero after winless Copa America,Other,https://apnews.com/article/paraguay-coach-garnero-copa-f110fd3ba831a1068c32c40dd362cbd5
2024-07-08,paraguay,"With Argentina’s president skipping Mercosur, the future of the trade alliance looks doubtful",Political Events,https://apnews.com/article/mercosur-bolivia-argentina-lula-milei-paraguay-economy-9ff9dcd7a794de0b4cbea7d60e050302
2024-07-03,paraguay,Costa Rica eliminated from the Copa America despite beating Paraguay 2-1 in group stage finale,Other,https://apnews.com/article/copa-america-costa-rica-paraguay-817cd42af116518eaaf146bf3a0eed24
2024-03-01,paraguay,AP Week in Pictures: Latin America and Caribbean,Other,https://apnews.com/article/latin-america-top-photos-this-week-118038811ab2f8fbcddfba0f7707b16c
2024-02-23,paraguay,AP Week in Pictures: Latin America and Caribbean,Other,https://apnews.com/article/latin-america-top-photos-this-week-3ac0ce587322bef082521a354fc8ece5
2024-06-27,paraguay,Paraguay President affirms Taiwan support,Political Events,https://apnews.com/video/taiwan-paraguay-taiwan-government-spain-government-corruption-3c06ad4f87ac43c58416cd63b6d16dc2
2024-06-27,paraguay,Easy election win for Paraguay’s long-ruling party,Political Events,https://apnews.com/video/politics-colorado-paraguay-covid-19-pandemic-71cf5456d0f54891ba4a004eb5f82400
2024-06-27,paraguay,Two-horse race hours out from Paraguay election,Political Events,https://apnews.com/video/politics-paraguay-colorado-taiwan-government-34ff2ef183884816bbbb7920984b1722
2023-12-05,paraguay,Paraguay rounds up ex-military leaders in arms smuggling sting carried out with Brazil,Security and Law Enforcement,https://apnews.com/article/brazil-paraguay-weapons-gangs-54e672cca22ea92eebe116541ac10f05
2023-11-30,paraguay,Paraguay official resigns after signing agreement with fictional country,Political Events,https://apnews.com/article/kailasa-paraguay-india-hindu-chamorro-bec1acb8178cfe645392f0f1aae75a58
2023-08-20,paraguay,Chinese military launches drills around Taiwan as a ‘warning’ after a top island official went to US,Security and Law Enforcement,https://apnews.com/article/china-taiwan-military-drills-william-lai-stopover-071388b22ab2bba8fa5293697541e880
2023-08-15,paraguay,New Paraguay president stresses South American country’s ties with Taiwan at swearing-in ceremony,Political Events,https://apnews.com/article/paraguay-taiwan-pena-lai-f9ee99e365bff96d6efe543bb4bd1db0
2023-08-12,paraguay,Taiwan’s vice president leaves on Paraguay trip amid Chinese efforts to isolate the island,Political Events,https://apnews.com/article/taiwan-paraguay-china-william-lai-7b3d148682afde782f5bd9351fa8054d
2023-07-18,paraguay,China criticizes the upcoming US visit of Taiwan’s presidential front-runner,Political Events,https://apnews.com/article/china-taiwan-lai-us-42c8ea7eeee2a9c664fabffaa4267068
2023-07-12,paraguay,Paraguay’s president-elect recommits to ties as Taiwan’s last ally in South America,Political Events,https://apnews.com/article/taiwan-paraguay-pena-tsai-china-2a20c194f6ccf8deb9831a3143b5d685
2023-07-12,paraguay,Paraguay’s president-elect begins Taiwan visit that’s meant to foster closer ties,Political Events,https://apnews.com/article/taiwan-paraguay-pena-tsai-china-7816c32c70c6b103d24f82146c92a7d1
2023-06-21,paraguay,"German arrested trying to enter US Embassy in Paraguay, guns found in vehicle",Political Events,https://apnews.com/article/paraguay-us-embassy-german-guns-cc060ca4c10150e2b51e2138c65a711f
2023-05-06,paraguay,Paraguay far-right populist presidential candidate arrested,Political Events,https://apnews.com/article/cubas-paraguayo-paraguay-crusade-a7e4db52d27fc14355571a0abcc0dd96
2023-05-03,paraguay,Paraguay: Populist candidate fires up protesters after vote,Political Events,https://apnews.com/article/cubas-paraguay-election-pena-alegre-fraud-37c5a7b7e40037ff9dae0af1568fe55f
2023-05-01,paraguay,Paraguay: Ex-president’s influence in question after victory,Political Events,https://apnews.com/article/paraguay-president-elections-pena-cartes-asuncion-ecab6ccf4fa342bb23a16cd0e477b4dd
2023-05-01,paraguay,Paraguay’s long-ruling Colorado Party has easy election win,Political Events,https://apnews.com/article/paraguay-elections-president-pena-alegre-cartes-f72f69b64daa78d19261128222725a72
2023-05-01,paraguay,Paraguay’s long-ruling party romps to presidential victory,Political Events,https://apnews.com/article/paraguay-elections-opposition-bee01eb77be7440b78bade8d18dd0003
2023-04-28,paraguay,Coalition challenges Paraguay’s long-ruling Colorado Party,Culture and Society,https://apnews.com/article/paraguay-election-colorado-party-opposition-17c58b9e311fa4d643dd486ec0e34598
2023-03-23,paraguay,Paraguay launches corruption probe of former president,Political Events,https://apnews.com/article/paraguay-corruption-president-cartes-velazquez-melgarejo-bogarin-3a829c2110e4cf2c1b8df37dc03016cd
2023-02-16,paraguay,Paraguay leader praises Taiwan as ‘lighthouse of democracy’,International Relations and Diplomacy,https://apnews.com/article/taiwan-politics-government-mario-abdo-benitez-tsai-ing-wen-fc43d7be61378e155278c766debfbdc7
2023-01-26,paraguay,"U.S. sanctions Paraguay VP, former president for corruption",Political Events,https://apnews.com/article/politics-us-department-of-the-treasury-united-states-government-caribbean-paraguay-10802677cf03519ed1a76888baf064cb
2022-12-07,paraguay,Tensions over trade deals exposed at Mercosur summit,Political Events,https://apnews.com/article/china-caribbean-global-trade-brazil-business-893c82f0f11c179c77c999ded4c835d7
2022-11-11,paraguay,South American nations gather for joint 2030 World Cup bid,Other,https://apnews.com/article/world-cup-soccer-sports-south-america-chile-a19800406fb1c7e8bb1a13ca33fdb1c3
2022-11-11,paraguay,Soccer-inspired art show heads to World Cup in Qatar,Culture and Society,https://apnews.com/article/world-cup-entertainment-sports-soccer-cf7ef37b4b9910a41d74c7d59da2fbf4
2022-09-07,paraguay,Paraguay seeks clues in slaying of journalist in border city,Other,https://apnews.com/article/caribbean-journalists-argentina-paraguay-c657a66f870c006715f119778ffa8075
2022-08-18,paraguay,"Paraguay vice president backtracks, says he won’t resign",Political Events,https://apnews.com/article/caribbean-paraguay-e918d6d4d094ef952d99f054d65ab2f1
2022-08-12,paraguay,Paraguay vice president to quit after US alleges corruption,Political Events,https://apnews.com/article/caribbean-antony-blinken-paraguay-a737d3f413b891805c9a36bc5e04ebdc
2022-08-10,paraguay,Paraguay: Former president Lugo in induced coma after stroke,Political Events,https://apnews.com/article/caribbean-paraguay-fernando-lugo-ac00af8a1d7ec28262744cf511540fc5
2022-08-02,paraguay,4 South American nations launch joint bid for 2030 World Cup,Other,https://apnews.com/article/sports-soccer-international-south-america-chile-72e737203f8d8842107a4445bf388b96
2022-08-01,paraguay,"Paraguay senator drowning appears accidental, officials say",Other,https://apnews.com/article/caribbean-accidents-argentina-drownings-paraguay-42d4f22573c2d0f1a60769c2199ba888
2022-07-22,paraguay,US places former Paraguayan president on corruption list,Political Events,https://apnews.com/article/crime-money-laundering-antony-blinken-paraguay-a930826e2b9975cc21d1ad4f8d383cee
2022-07-03,paraguay,"Cubas scores in 89th, Whitecaps beat Los Angeles FC 1-0",Other,https://apnews.com/article/soccer-sports-vancouver-canada-381c27d131e674174c5793b46203bdd8
2022-06-25,paraguay,Clash with police leaves 1 Indigenous person dead in Brazil,Security and Law Enforcement,https://apnews.com/article/politics-caribbean-state-governments-brazil-bca70a7b845a841fc135e4d756509706
08-07-2024,Argentina,Beef consumption in Argentina falls to lowest in a century,Other,https://www.batimes.com.ar/news/economy/beef-consumption-in-argentina-falls-to-lowest-in-a-century.phtml
08-07-2024,Argentina,Lacalle Pou criticises Milei’s decision to skip Mercosur summit,Political Events,https://www.batimes.com.ar/news/latin-america/we-should-all-be-here-lacalle-pou-criticises-mileis-mercosur-summit-absence.phtml
08-07-2024,Argentina,Milei’s shock therapy sends demand for beef to 110-year low,Other,https://www.batimes.com.ar/news/economy/mileis-shock-therapy-sends-demand-for-beef-to-110-year-low-in-argentina.phtml
08-07-2024,Argentina,"Milei's key reforms, 'Ley de Bases' and fiscal package, become law",Other,https://www.batimes.com.ar/news/argentina/mileis-key-reforms-ley-de-bases-and-fiscal-package-become-law-in-argentina.phtml
08-07-2024,Argentina,Mondino tells Mercosur peers that bloc needs ‘adrenaline shock’,Other,https://www.batimes.com.ar/news/latin-america/mondino-tells-mercosur-ministers-that-bloc-needs-adrenaline-shock.phtml
08-07-2024,Argentina,Milei walks fine line as he slams 'judicial persecution' of Bolsonaro,Other,https://www.batimes.com.ar/news/latin-america/milei-walks-fine-line-as-he-denounces-judicial-persecution-of-bolsonaro.phtml
08-07-2024,Argentina,Milei backs Bolsonaro without attacking Lula in Brazil visit,International Relations and Diplomacy,https://www.batimes.com.ar/news/latin-america/milei-backs-bolsonaro-without-attacking-lula-in-brazil-visit.phtml
08-07-2024,Argentina,Copa América crunch-time for surviving quartet,Culture and Society,https://www.batimes.com.ar/news/sports/copa-america-crunch-time-for-surviving-quartet.phtml
07-07-2024,Argentina,Milei takes his far-right roadshow to Lula’s backyard in Brazil,Other,https://www.batimes.com.ar/news/latin-america/milei-takes-his-far-right-roadshow-to-lulas-backyard-in-brazil.phtml
06-07-2024,Argentina,Milei under pressure for the first time,Other,https://www.batimes.com.ar/news/opinion-and-analysis/milei-under-pressure-for-the-first-time.phtml
06-07-2024,Argentina,Milei lines up midnight ‘Pacto de Mayo’ signing,Other,https://www.batimes.com.ar/news/argentina/milei-lines-up-midnight-pacto-de-mayo-signing.phtml
06-07-2024,Argentina,Milei now needs to fly domestic,Other,https://www.batimes.com.ar/news/opinion-and-analysis/milei-now-needs-to-fly-domestic.phtml
06-07-2024,Argentina,Are youth votes wasted on the young?,Other,https://www.batimes.com.ar/news/op-ed/are-youth-votes-wasted-on-the-young.phtml
06-07-2024,Argentina,US Embassy marks Independence Day with Palacio Bosch party,International Relations and Diplomacy,https://www.batimes.com.ar/news/world/us-embassy-marks-independence-day-with-palacio-bosch-party.phtml
06-07-2024,Argentina,Chef Máximo Togni’s new restaurant is straight from the heart,Culture and Society,https://www.batimes.com.ar/news/culture/chef-maximo-tognis-new-restaurant-eveilia-is-straight-from-the-heart.phtml
05-07-2024,Argentina,Stories that caught our eye: June 28 to July 5,Other,https://www.batimes.com.ar/news/argentina/stories-that-caught-our-eye-june-28-to-july-5.phtml
05-07-2024,Argentina,La Libertad Avanza wants lower voting age in time for 2025 midterms,Other,https://www.batimes.com.ar/news/opinion-and-analysis/la-libertad-avanza-eyes-lower-voting-age-for-2025-midterms.phtml
05-07-2024,Argentina,Sturzenegger appointed ‘deregulation and state transformation’ minister,Political Events,https://www.batimes.com.ar/news/argentina/sturzenegger-officially-joins-government-minister-of-de-regulation-and-state-transformation.phtml
05-07-2024,Argentina,Tussle for Peronist protagonism clashes with calls for unity,Other,https://www.batimes.com.ar/news/opinion-and-analysis/cfk-massa-kicillof-tussle-for-peronist-protagonism-clashes-with-calls-for-unity.phtml
05-07-2024,Argentina,Milei taps former Central Bank chief to deregulate Argentina,Other,https://www.batimes.com.ar/news/economy/milei-taps-former-central-bank-chief-federico-sturzenegger-to-deregulate-argentina.phtml
05-07-2024,Argentina,Milei chooses bath of conservative affection and rebuffs Mercosur,Other,https://www.batimes.com.ar/news/argentina/milei-chooses-bath-of-conservative-affection-and-rebuffs-mercosur.phtml
05-07-2024,Argentina,"'Dibu' Martínez, the shoot-out 'animal,' roars again for Argentina",Culture and Society,https://www.batimes.com.ar/news/sports/dibu-martinez-the-shoot-out-animal-roars-again-for-argentina.phtml
05-07-2024,Argentina,Corrientes: the province of lost children,Other,https://www.batimes.com.ar/news/argentina/corrientes-the-lost-boys-province.phtml
05-07-2024,Argentina,'Dibu' Martínez recreates penalty heroics for Argentina against Ecuador,Culture and Society,https://www.batimes.com.ar/news/sports/dibu-martinez-recreates-penalty-heroics-for-argentina-against-ecuador.phtml
04-07-2024,Argentina,Armed man arrested at Milei rally in San Juan,Political Events,https://www.batimes.com.ar/news/argentina/armed-man-arrested-at-milei-rally-in-san-juan.phtml
04-07-2024,Argentina,Quilmes university makes 'super soup' to highlight need for food aid,Other,https://www.batimes.com.ar/news/argentina/argentine-university-makes-super-soup-in-response-to-the-crisis-and-shortages-in-soup-kitchens.phtml
04-07-2024,Argentina,Arce: Milei’s remarks on coup attempt does not help relations,Political Events,https://www.batimes.com.ar/news/latin-america/milei-is-conflictive-and-does-not-help-the-good-neighbourhood-says-bolivian-president.phtml
04-07-2024,Argentina,CFK attempted murder trial: Carrizo says he 'would never kill',Other,https://www.batimes.com.ar/news/argentina/cfk-attempted-murder-trial-nicolas-carrizo-says-he-would-never-kill-a-person.phtml
04-07-2024,Argentina,Bolivia’s Luis Arce denies ‘staged’ coup claims in interview,Other,https://www.batimes.com.ar/news/latin-america/bolivian-president-defends-himself-from-doubts-by-milei-and-morales-given-the-failed.phtml
04-07-2024,Argentina,Social indicators cast doubt over Milei's 'catastrophe' averted claim,Culture and Society,https://www.batimes.com.ar/news/economy/numbers-of-the-catastrophe-the-economy-in-5-social-indicators.phtml
04-07-2024,Argentina,Contepomi names new-look Argentina for first France Test,Other,https://www.batimes.com.ar/news/sports/contepomi-names-new-look-argentina-for-first-france-test.phtml
04-07-2024,Argentina,Brazil 'regrets' Milei's absence at upcoming Mercosur summit,Political Events,https://www.batimes.com.ar/news/latin-america/brazil-regrets-mileis-absence-at-upcoming-mercosur-summit.phtml
03-07-2024,Argentina,New lithium plant inaugurated in Salta Province,Other,https://www.batimes.com.ar/news/economy/new-lithium-plant-inaugurated-in-salta-province.phtml
03-07-2024,Argentina,Argentina set sights on semis as Copa América knockout stage begins,Other,https://www.batimes.com.ar/news/sports/argentina-set-sights-on-semis-as-copa-america-knockout-stage-begins.phtml
03-07-2024,Argentina,"After triumph in Congress, Milei faces challenge of governing",Political Events,https://www.batimes.com.ar/news/argentina/after-triumph-in-congress-milei-now-faces-challenge-of-governing.phtml
03-07-2024,Argentina,Exclusive hotel at Iguazú Falls selected as the best in Argentina,Other,https://www.batimes.com.ar/news/argentina/exclusive-hotel-with-a-view-to-the-iguacu-falls-chosen-as-the-best-in-argentina.phtml
03-07-2024,Argentina,Four World Cup winners in Argentina's football team for Olympics,Sports,https://www.batimes.com.ar/news/sports/four-world-cup-winners-in-argentinas-football-team-for-olympic-games.phtml
02-07-2024,Argentina,Milei government prepares legislative agenda for 'second stage',Political Events,https://www.batimes.com.ar/news/argentina/governments-legislative-agenda-for-second-semester-electoral-reform-criminal-liability-age-and-supreme-court.phtml
02-07-2024,Argentina,La Rioja Province puts its own ‘quasi-currency’ in circulation,Other,https://www.batimes.com.ar/news/economy/argentine-province-puts-quasi-currency-in-circulation.phtml
02-07-2024,Argentina,Argentina poised for first China corn cargoes in 15 years,International Relations and Diplomacy,https://www.batimes.com.ar/news/economy/argentina-poised-for-first-china-corn-cargoes-in-15-years.phtml
02-07-2024,Argentina,"Milei defends Bolivia, Brazil views in ‘dinosaur’ rant",Other,https://www.batimes.com.ar/news/latin-america/milei-calls-lula-an-idiot-dinosaur-ahead-of-brazil-visit.phtml
02-07-2024,Argentina,President Milei proves boon and curse for Argentine bank stocks,Political Events,https://www.batimes.com.ar/news/economy/president-milei-proves-boon-and-curse-for-argentine-bank-stocks.phtml
01-07-2024,Argentina,Télam state news agency now 'advertising and state propaganda agency',Other,https://www.batimes.com.ar/news/argentina/government-makes-telam-an-advertising-and-state-propaganda-agency.phtml
01-07-2024,Argentina,Bolivia recalls ambassador to Argentina after Milei denies failed coup,Political Events,https://www.batimes.com.ar/news/latin-america/bolivia-recalls-ambassador-to-argentina-after-milei-denies-failed-coup.phtml
01-07-2024,Argentina,Argentina officials move to shore up bank support for debt plan,Other,https://www.batimes.com.ar/news/economy/argentina-officials-move-to-shore-up-bank-support-for-debt-plan.phtml
01-07-2024,Argentina,Justice Ministry says 85% of workers at ex-Women's Ministry 'dismissed',Other,https://www.batimes.com.ar/news/argentina/government-fires-85-percent-of-the-former-ministry-of-womens-workers.phtml
01-07-2024,Argentina,Milei picks pro-Bolsonaro rally over Lula for first Brazil trip,International Relations and Diplomacy,https://www.batimes.com.ar/news/latin-america/milei-picks-pro-bolsonaro-rally-over-lula-for-first-brazil-trip.phtml
01-07-2024,Argentina,"Argentina reverses Bolivia stance, saying coup attempt was faked",Political Events,https://www.batimes.com.ar/news/latin-america/argentina-reverses-bolivia-stance-saying-coup-attempt-was-faked.phtml
01-07-2024,Argentina,Milei shuns Mercosur summit and awkward meet with Lula,Political Events,https://www.batimes.com.ar/news/latin-america/milei-shuns-mercosur-summit-and-awkward-meet-with-lula.phtml
01-07-2024,Argentina,Milei says he would slow crawling peg if inflation cools further,Economy and Trade,https://www.batimes.com.ar/news/economy/milei-says-he-would-slow-crawling-peg-if-inflation-cools-further.phtml
30-06-2024,Argentina,Abuelas de Plaza de Mayo warns of move to shutter investigative unit,Other,https://www.batimes.com.ar/news/argentina/grandmothers-of-plaza-de-mayo-denounces-governments-plans-to-dispose-of-body-looking-for-missing-grandchildren.phtml
30-06-2024,Argentina,Government begins push to lower age of criminal responsibility,Political Events,https://www.batimes.com.ar/news/argentina/bullrich-and-cuneo-libarona-to-submit-bill-to-lower-criminal-liability-age-to-13.phtml
30-06-2024,Argentina,"No Messi, no problem as Argentina down Peru",Other,https://www.batimes.com.ar/news/sports/no-messi-no-problem-as-argentina-down-peru.phtml
30-06-2024,Argentina,Argentina is about to unleash a wave of lithium in a global glut,Other,https://www.batimes.com.ar/news/economy/argentina-is-about-to-unleash-a-wave-of-lithium-in-a-global-glut.phtml
29-06-2024,Argentina,Milei shifts policy in second phase of Argentina plan,Political Events,https://www.batimes.com.ar/news/economy/milei-shifts-policy-in-second-phase-of-argentina-plan.phtml
29-06-2024,Argentina,Aunt of missing five-year-old child Loan testifies he was ‘run over’,Other,https://www.batimes.com.ar/news/argentina/aunt-of-missing-five-year-old-child-loan-testifies-he-was-run-over.phtml
29-06-2024,Argentina,Economy extended downturn in April amid Milei’s cuts,Economy and Trade,https://www.batimes.com.ar/news/economy/argentinas-economy-extended-downturn-in-april-amid-mileis-cuts.phtml
29-06-2024,Argentina,From attempted murder to an attempted coup,Other,https://www.batimes.com.ar/news/opinion-and-analysis/from-the-attempted-murder-of-cristina-fernandez-de-kirchner-to-an-attempted-coup-in-bolivia.phtml
29-06-2024,Argentina,Liberland: the micronation building bridges with Javier Milei,Other,https://www.batimes.com.ar/news/world/liberland-the-libertarian-micronation-building-bridges-with-javier-milei.phtml
29-06-2024,Argentina,Work in regress?,Other,https://www.batimes.com.ar/news/opinion-and-analysis/work-in-regress.phtml
29-06-2024,Argentina,Milei slashes budget for legal centres in favour of prison spending,Other,https://www.batimes.com.ar/news/argentina/milei-slashes-budget-for-state-legal-centres-in-favour-of-spending-on-prisons.phtml
29-06-2024,Argentina,When Loan is a national debt,Other,https://www.batimes.com.ar/news/op-ed/when-loan-is-a-national-debt.phtml
29-06-2024,Argentina,"Milei, Messi, and how to be the best in the world",Other,https://www.batimes.com.ar/news/opinion-and-analysis/milei-messi-and-how-to-be-the-best-in-the-world.phtml
28-06-2024,Argentina,"Monetary shift, Sturzenegger in – Milei talks up new stage",Other,https://www.batimes.com.ar/news/argentina/milei-anticipates-new-stage-in-his-government-the-change-of-monetary-regime-is-coming.phtml
28-06-2024,Argentina,"Dog owners consider spending US$50,000 on cloning, inspired by Milei",Other,https://www.batimes.com.ar/news/economy/dog-owners-consider-spending-us50000-on-cloning-inspired-by-milei.phtml
28-06-2024,Argentina,President Milei hails ‘historic’ approval of his economic reform package,Political Events,https://www.batimes.com.ar/news/argentina/president-milei-hails-historic-approval-of-his-economic-reform-package.phtml
28-06-2024,Argentina,Milei refuses to apologise to Lula and his ‘inflamed ego’,Other,https://www.batimes.com.ar/news/latin-america/milei-refuses-to-apologise-to-lula-and-his-inflamed-ego.phtml
28-06-2024,Argentina,Milei says legislative win paves way for monetary policy pivot,Political Events,https://www.batimes.com.ar/news/economy/milei-says-legislative-win-paves-way-for-monetary-policy-pivot.phtml
28-06-2024,Argentina,Milei celebrates as Congress signs off on ‘Ley de Bases’ reform package,Political Events,https://www.batimes.com.ar/news/argentina/milei-celebrates-as-congress-signs-off-on-ley-de-bases-reform-package.phtml
28-06-2024,Argentina,Milei wins approval for bold economic reforms in Argentina,Economy and Trade,https://www.batimes.com.ar/news/argentina/milei-wins-approval-for-bold-economic-reforms-in-argentina.phtml
08/07/2024,brazil,"Mercosur: Lula criticizes “old-fashioned, isolationist nationalism”",Culture and Society,/en/internacional/noticia/2024-07/mercosur-lula-criticizes-old-fashioned-isolationist-nationalism
08/07/2024,brazil,Rio's favelas host social debate forum focused on G20,Culture and Society,/en/geral/noticia/2024-07/rios-favelas-host-social-debate-forum-focused-g20
08/07/2024,brazil,"President Lula attends Mercosur Summit in Asunción, Paraguay",Political Events,/en/internacional/noticia/2024-07/president-lula-attends-mercosur-summit-asuncion-paraguay
08/07/2024,brazil,Lula: Progressive alliance in France serves as inspiration,International Relations and Diplomacy,/en/internacional/noticia/2024-07/lula-progressive-alliance-france-serves-inspiration
07/07/2024,brazil,Rio museum showcases career of woodcutting artist J.Borges,Culture and Society,/en/geral/noticia/2024-07/rio-museum-showcases-career-woodcutting-artist-jborges
06/07/2024,brazil,Brazil to have definitive repository for nuclear waste by 2029,Other,/en/geral/noticia/2024-07/brazil-have-definitive-repository-nuclear-waste-2029
06/07/2024,brazil,Severe drought warning issued for Amazon also this year,Other,/en/geral/noticia/2024-07/severe-drought-warning-issued-amazon-also-year
05/07/2024,brazil,Imports of electric vehicles reduce Brazil’s balance of trade,Economy and Trade,/en/economia/noticia/2024-07/imports-electric-vehicles-reduce-brazils-balance-trade
05/07/2024,brazil,Brazil to have advanced pathogen research laboratory,Health and Science,/en/saude/noticia/2024-07/brazil-have-advanced-pathogen-research-laboratory
05/07/2024,brazil,Bolivia’s entry as full member should set the tone at Mercosur summit,Political Events,/en/internacional/noticia/2024-07/bolivias-entry-full-member-should-set-tone-mercosur-summit
04/07/2024,brazil,Brazil pays BRL 847 mi to international bodies in first half of year,International Relations and Diplomacy,/en/internacional/noticia/2024-07/brazil-pays-brl-847-mi-international-bodies-first-half-year
04/07/2024,brazil,Harvest Plan for large rural producers totals BRL 400 bi in 2024,Other,/en/economia/noticia/2024-07/harvest-plan-large-rural-producers-totals-brl-400-bi-2024
04/07/2024,brazil,Family Farming to receive BRL 76 bi for food production,Other,/en/economia/noticia/2024-07/family-farming-receive-brl-76-bi-food-production
03/07/2024,brazil,Brazil’s industrial production drops 0.9% in May,Other,/en/economia/noticia/2024-07/brazils-industrial-production-drops-09-may
2024-06-20,Colombia,"Entire nation goes dark, sparks total chaos",Other,https://www.news.com.au/world/south-america/chaos-as-ecuador-experiences-nationwide-power-outage/news-story/640dfdd6fd6eaf73a6eb10273d827719
2024-06-14,Argentina,Nation burns as President stokes chaos,Political Events,https://www.news.com.au/finance/economy/world-economy/tried-to-perpetrate-a-coup-dtat-argentina-erupts-into-chaotic-riots-as-farright-president-javier-milei-pushed-controversial-agenda/news-story/96da74976c7446d59b8c423e12f6dd9c
2024-06-13,Brazil,Major twist after tribe ‘addicted to porn’,Other,https://www.news.com.au/technology/online/internet/fake-news-amazon-tribe-slams-reports-starlink-connection-brought-porn-social-media-addiction/news-story/6562077bb8e2300bab49066a97d97980
2024-06-05,Brazil,"Remote tribe gets internet, hooked on porn",Technology,https://www.news.com.au/technology/online/internet/remote-amazon-tribe-finally-connects-to-internet-only-to-wind-up-hooked-on-porn-social-media/news-story/6abfea69d9dd7e49541ef46eb61558c4
2024-05-17,Ecuador,‘Mentally ill’: Nation’s controversial trans call,Other,https://www.news.com.au/world/south-america/peru-controversially-classifies-transgender-nonbinary-and-intersex-people-as-mentally-ill/news-story/244b48c3647c0982aa520159b8adf449
2024-05-09,Brazil,"100 dead, many missing in flood disaster",Other,https://www.news.com.au/travel/travel-updates/warnings/warning-for-aussies-as-southern-brazil-ravaged-by-deadly-floods/news-story/ae7ba318c132127541057f4e36c8a092
2024-05-08,South America,Mum of slain brothers’ devastating statement,Other,https://www.news.com.au/travel/parents-of-australian-brothers-killed-in-mexico-break-silence/news-story/a4955cf215382011897f19955138d00c
2024-04-27,Argentina,"Lawyer, 60, hoping to be oldest Miss Universe",Other,https://www.news.com.au/lifestyle/beauty/ageless-lawyer-hoping-to-become-oldest-miss-universe-contestant-at-60/news-story/9c0df8d0e91d215e85ccac51cdd39d09
2024-04-19,Brazil,Woman wheels corpse into bank for loan,Other,https://www.news.com.au/finance/business/banking/shocking-new-footage-of-woman-wheeling-dead-uncle-into-bank-to-take-out-loan/news-story/b8a67ab80fdaa222a1e69c62fdfe6534
2024-04-03,Colombia,‘State of terror’: Nation rocked by massacres,Other,https://www.news.com.au/world/south-america/ecuador-in-state-of-terror-after-horrific-easter-massacre/news-story/aa9df061d296310cf0b005af423b3f50
2024-02-17,Brazil,‘I’m done’: mum’s texts to ex before murder,Other,https://www.news.com.au/national/nsw-act/courts-law/jealous-man-learns-fate-for-vicious-murder-of-his-exgirlfriend/news-story/20f24f8fa6b8e9ed3168dbb56c5649b5
2024-02-14,Colombia,Chilling beach photos as nation reels,Other,https://www.news.com.au/world/chilling-photos-show-revellers-in-ecuador-being-watched-by-soldiers-as-crackdown-on-gangs-continues/news-story/2e5f270439da39edf64c4a88b1d7a459
2024-01-31,Brazil,Influencer found dead outside parents’ home,Other,https://www.news.com.au/technology/online/social/husband-confesses-after-bodybuilder-wife-found-dead-outside-parents-home/news-story/81605406f597a36944cd28c153fe881d
2024-01-13,Ecuador,President’s glamorous life as nation implodes,Political Events,https://www.news.com.au/world/south-america/ecuador-degenerates-into-full-scale-civil-war-with-tv-station-seized-university-attacked-and-jail-guards-executed/news-story/f22a6cec625ffa570fc2334c0bbcf389
2024-01-11,Colombia,"Soldiers deployed, nation on the brink",Other,https://www.news.com.au/world/south-america/100-prison-guards-held-hostage-in-ecuador-amid-gang-war/news-story/b065a836d4cb373c40fdfe9ab6de664c
2024-01-10,Colombia,Horror as gunmen storm live TV broadcast,Other,https://www.news.com.au/world/south-america/gunshots-on-live-tv-as-ecuador-gangsters-vow-war/news-story/7a553d5e81f64be90aacb74b9a5a1302
2024-01-10,Peru,Star sex worker dies aged 24,Other,https://www.news.com.au/entertainment/celebrity-life/celebrity-deaths/star-sex-worker-thaina-fields-dies-aged-24/news-story/483abed69c22911deae7f7a5c0e4c58f
2024-01-01,South America,Renowned Aussie political activist Pilger dies,Political Events,https://www.news.com.au/national/nsw-act/news/radical-leftwing-political-journalist-john-pilger-dies-in-london-aged-84/news-story/d3719769635e0bcee873da7fb5b3ccda
2023-12-22,South America,Mum accidentally films deadly attack,Culture and Society,https://www.news.com.au/technology/science/animals/video-accidentally-captures-deadly-shark-attack-on-mexico-vacation/news-story/46aa874e74199d6d866e328432e62bc6
2023-12-16,Colombia,"US comedian kidnapped, killed in Colombia",Other,https://www.news.com.au/travel/travel-updates/incidents/us-comedian-kidnapped-murdered-in-colombia-knew-woman-who-lured-him-to-his-death-brother-says/news-story/0a2e187f419f02890b7eab53b24d9a62
2023-11-26,Peru,Inside Peru bus survivors’ return ‘ordeal’,Other,https://www.news.com.au/travel/travel-updates/incidents/such-an-ordeal-aussie-survivors-of-horrific-bus-crash-in-remote-peru-jungle-touch-down-on-home-soil/news-story/543aef765528b9e4812b3bd43e048895
2023-11-24,Colombia,Children abused in jungle ‘rape tents’,Other,https://www.news.com.au/world/south-america/migrant-children-sexually-abused-in-rape-tents-while-crossing-deadly-darien-gap/news-story/2e19f7c6aceec1ebbbcca128a119cb6d
2023-11-22,Chile,Couple stranded after horror crash in jungle,Other,https://www.news.com.au/travel/travel-updates/incidents/amazon-bus-plunges-off-cliff-stranding-brisbane-couple/news-story/b396fce5a0b77e3654f845b5e2619704
2023-11-20,Argentina,Wild new president ‘baffling the world’,Political Events,https://www.news.com.au/world/south-america/baffling-the-world-meet-javier-gerardo-milei-argentinas-wild-new-president/news-story/c070f2b8010e667b4a80d41b878a9434
2023-11-20,Argentina,Nation goes berserk after election result,Political Events,https://www.news.com.au/world/south-america/argentina-goes-berserk-after-election-result-of-javier-milei/news-story/d9782a5557c8f3f32f6e9e4cbef3fb6c
2023-11-19,Brazil,Swift cancels show last-minute after tragedy,Other,https://www.news.com.au/entertainment/music/tours/shattered-front-row-fan-dies-at-taylor-swift-concert/news-story/f7d0a7ee2e6880dfac143ff52c73c7d9
2023-11-07,Colombia,Shipwreck has $30b worth of treasure,Other,https://www.news.com.au/travel/travel-updates/travel-stories/holy-grail-of-shipwrecks-to-be-exhumed-off-colombia-with-31b-sunken-treasure/news-story/9b13886927ea202d0c7cfb11ab290765
2023-10-27,Peru,Creepy truth behind image of teen,Other,https://www.news.com.au/technology/science/archaeology/scientists-unveil-recreation-of-inca-teenager-sacrificed-in-peru/news-story/d869ef9ea2c8838c31f57014f6e4ccba
2023-10-23,South America,500yo treasure unearthed in earthquake,Culture and Society,https://www.news.com.au/technology/science/archaeology/500yo-aztec-snake-head-statue-unearthed-in-mexico-earthquake/news-story/85e107f8fe80c2d850d1687be5073b1f
2023-09-23,Ecuador,Astonishing find as 8 mummies uncovered,Other,https://www.news.com.au/world/south-america/gas-workers-make-astonishing-find-as-eight-mummies-uncovered-in-peru/news-story/60538c65432fa4a8ebf80840c87d8665
2024-07-04,peru,Peru’s Congress approves statute of limitations for crimes against humanity committed before 2002,Political Events,https://apnews.com/article/peru-congress-crimes-against-humanity-130cd287d1e1132b4c9ed605ec75f7cf
2024-07-04,peru,Migrants pause in the Amazon because getting to the US is harder. Most have no idea what lies ahead,Other,https://apnews.com/article/brazil-immigration-safe-haven-united-states-6292bce9a58a7e2a90547c5df4248977
2024-06-28,peru,7.2 magnitude earthquake shakes southern Peru,Culture and Society,https://apnews.com/article/peru-lima-earthquake-034a3a561fe9f1f672ee64208c1f5113
2024-06-26,peru,"Canada beats Peru 1-0 at Copa America on David goal, first win over South American team in 24 years",Other,https://apnews.com/article/peru-canada-copa-america-score-6b3dd12d7117f8f7b74d9c51bf2ee0d5
2024-06-22,peru,Claudio Bravo makes 4 saves as Chile plays Peru to a scoreless draw in Copa America,Other,https://apnews.com/article/peru-chile-score-da1bb979a47022b1aaeb91a35154efa0
2024-06-27,peru,Migrants pause in the Amazon because getting to the US is harder. Most have no idea what lies ahead,Other,https://apnews.com/video/peru-brazil-south-america-joe-biden-asylum-c5c93db014c9473b8c5d52cbdbfb0f56
2024-06-27,peru,Peruvian politician Keiko Fujimori stands in probe accused of money laundering,Other,https://apnews.com/video/lima-peru-crime-peru-government-alberto-fujimori-10c47e0cbda44ca3a9b79d3e4e1fc765
2024-06-27,peru,Latin America celebrates Pride and a history of fighting for rights,Other,https://apnews.com/video/mexico-city-mexico-chile-peru-government-peru-afc16fd0191b4c05bcd7c5e637925120
2024-06-21,peru,"It’s the longest bridge ever built in Peru, and so far, it goes nowhere",Other,https://apnews.com/article/peru-amazon-indigenous-highway-iquitos-human-rights-f3a55a579f5bec42d6d4d78f46ace3ff
2024-06-20,peru,Former Peruvian soldiers get prison in rapes of teenagers during country’s armed conflict,Other,https://apnews.com/article/peru-armed-conflict-military-rape-shining-path-fd1f6e493e41dbeabe1521e76617ae5a
2024-05-27,peru,Poor neighborhood in Peru’s Amazon region hosts film festival celebrating tropical forests,Culture and Society,https://apnews.com/article/peru-amazon-movie-theater-indigenous-community-01a95d55872c106397f2b92ccb03756b
2024-05-25,peru,Hundreds in Peru mark Clown Day in hopes of getting the holiday official recognition,Other,https://apnews.com/article/peru-clowns-parade-holiday-parliament-7a4ac339df199727883f4247ff56fbe6
2024-05-24,peru,AP Week in Pictures: Latin America and Caribbean,Other,https://apnews.com/article/latin-america-caribbean-top-photos-27223fd3aef0e2a0cc46712a9fc7ea5f
2024-05-23,peru,Baseball becomes a shelter for Venezuelan children in soccer-mad Peru,Sports,https://apnews.com/article/venezuela-peru-children-baseball-migrants-2db8aa8616bbcea874b703f87dd26f35
2024-05-18,peru,Protesters rally in Peru against decree classifying seven gender identities as “mental illness”,Political Events,https://apnews.com/article/peru-ecuador-protests-decree-gender-identities-5af57e9e9626b3199820bf303b666f27
2024-05-16,peru,Peruvian lawmakers begin yet another effort to remove President Dina Boluarte from office,Political Events,https://apnews.com/article/peru-president-boluarte-parliament-lawmakers-watches-moral-incapacity-792d3747510211f0eac4ed5d7d608aa8
2024-05-10,peru,Police arrest brother and lawyer of Peru’s president over alleged influence peddling,Political Events,https://apnews.com/article/peru-president-boluarte-brother-lawyer-arrest-watches-7090c4d4996da73835d7d8e6d4d18277
2024-05-08,peru,Mexico tightens travel rules on Peruvians in a show of visa diplomacy to slow migration to US,International Relations and Diplomacy,https://apnews.com/article/mexico-peru-visa-immigration-border-asylum-0d4206bbb002318b9e0fd2bbf22ab48c
2024-05-02,peru,"Tim Howard, last in line of top American goalkeepers, enters U.S. National Soccer Hall of Fame",Sports,https://apnews.com/article/tim-howard-soccer-hall-of-fame-d4899e3a9d589d57ed1c50979751e63b
2024-04-28,peru,Renowned Peruvian investigative reporter battles criminalized smear campaign — and cancer,Other,https://apnews.com/article/peru-gustavo-gorriti-corruption-journalist-4fcc84fdc3d37b76c64c9988f299c77b
2024-04-25,peru,Judge orders preventative detention for Iranian and 2 Peruvians in thwarted plot to kill Israelis,Culture and Society,https://apnews.com/article/peru-iran-killing-plot-detention-israeli-b89d6b69b182feafb96b44cbdefa190a
2024-04-05,peru,"Mexican president wanted to lead Latin America, but reality and his own rhetoric got in the way",Political Events,https://apnews.com/article/mexico-ecuador-ambassador-expelled-latin-america-diplomacy-90b5a9b98a7ac25b6b76e5b3bde16e2e
2024-04-05,peru,Peru’s president interrogated by prosecutors for hours amid expanding ‘Rolexgate’ probe,Political Events,https://apnews.com/article/dina-boluarte-peru-president-rolex-corruption-4055c95ad07d7db0ee2a629b3bee96d9
2024-04-03,peru,Prosecutors widen illicit enrichment probe against Peru’s president to include jewelry worth $500K,Political Events,https://apnews.com/article/peru-president-boluarte-watches-scandal-cabinet-95e1ad29ab504daee3cf9f19227286ce
2024-04-02,peru,Pressure mounts against Peru’s president as lawmakers submit request to remove her from office,Political Events,https://apnews.com/article/peru-president-boluarte-luxury-watches-investigation-988d100df9d59f2a58fef4f241ea31db
2024-03-30,peru,Government agents raid Peruvian President Boluarte’s residence in luxury watch investigation,Political Events,https://apnews.com/article/peru-president-boluarte-luxury-watches-investigation-e39d68d3e04cf228c59bd6858306c520
2024-03-09,peru,Peru arrests an Iranian man accused of planning an attack on an Israeli citizen,Political Events,https://apnews.com/article/peru-iran-quds-force-israel-attack-ca7884d44bb5e64ee57c18b95f1ec1dc
2024-03-07,peru,Canada to play Netherlands in June 6 exhibition at Rotterdam,Other,https://apnews.com/article/canada-netherlands-exhibition-7abe6a487c080c71158d9e93b0b01a9a
2024-03-01,peru,"Dengue cases in Peru are surging, fueled by mosquitoes and high temperatures brought by El Niño",Other,https://apnews.com/article/peru-piura-denge-epidemic-mosquitoes-el-nino-377507e8ced020f770d8fd9f36925321
2024-02-27,peru,Peru has declared a health emergency in most of its provinces as dengue cases soar,Health and Science,https://apnews.com/article/peru-dengue-health-emergency-el-nino-7a5788425709a54b350bbebe5ebb1d88
2024-01-31,peru,Former Peruvian intelligence chief gets 19 years in prison for 1992 massacre of farmers,Security and Law Enforcement,https://apnews.com/article/peru-montesinos-massacre-pativilca-prison-sentence-596367a65f5444be5eabe365e29dba13
2024-01-31,peru,Peru gives in to protesters in Machu Picchu and rescinds ticket sales contract with private firm,Political Events,https://apnews.com/article/machu-picchu-protests-peru-ruins-a7928a169e70ff81a0794179cf7942d0
2024-01-29,peru,Ex-Peruvian intelligence chief pleads guilty to charges in 1992 massacre of six farmers,Security and Law Enforcement,https://apnews.com/article/vladimiro-montesinos-masacre-pativilca-cargos-audiencia-peru-2a0f59c2506a850a19152ad3c08ac7f7
2024-01-26,peru,"Meet Efruz, the Jack Russell terrier that loves to surf the waves of Peru",Other,https://apnews.com/article/peru-summer-surfing-dog-3d4312422ac5d80bc5596ad5cfdb54fe
2024-01-13,peru,They’re not aliens. That’s the verdict from Peru officials who seized 2 doll-like figures,Other,https://apnews.com/article/peru-aliens-mexico-congress-extraterrestrials-2ab059d55d3d0352e41ad2a4c312d1ed
2023-12-08,peru,AP Week in Pictures: Latin America and Caribbean,Other,https://apnews.com/article/latin-america-caribbean-photo-gallery-week-5d0e7d384cce54b988ce069002f4c9d7
2023-12-07,peru,Former Peruvian President Alberto Fujimori is freed from prison on humanitarian grounds,Political Events,https://apnews.com/article/peru-alberto-fujimori-release-prison-death-squads-d277d1615e7aeb40e1211ea4472d0bf6
2023-12-05,peru,Peruvian constitutional court orders release of former President Alberto Fujimori,Political Events,https://apnews.com/article/alberto-fujimori-expresident-peru-released-4a9c8a0159ac9bf170a15338fa860937
2024-07-06,venezuela,‘Freedom!’ chants at Venezuelan opposition rallies ahead of election show depth of needs and fear,Political Events,https://apnews.com/article/venezuela-election-maduro-opposition-machado-edmundo-freedom-1d9aab83e201fcfa911ca1d1f72bdc80
2024-07-06,venezuela,"Canada beats Venezuela in extra round of penalty kicks, reaches semifinals in 1st Copa America",Other,https://apnews.com/article/copa-america-venezuela-canada-90acad51edf8bfbb04545aa433868586
2024-07-05,venezuela,What to know about Venezuela’s election as Maduro faces the toughest race of his decade in power,Political Events,https://apnews.com/article/venezuela-presidential-election-maduro-machado-edmundo-crisis-d9502962992b13620707aba4da37294f
2024-07-03,venezuela,"After a stop in Cuba, 2 Russian ships dock in Venezuelan port as part of ‘show the flag’ exercises",Culture and Society,https://apnews.com/article/venezuela-russia-navy-ships-cuba-d594c7c8fc97a903e5dc90754970b8c0
2024-07-02,venezuela,Venezuela’s opposition coalition welcomes President Maduro’s plan to jumpstart dialogue with the US,Political Events,https://apnews.com/article/venezuela-maduro-opposition-machado-ac96fd2f93a5a8d702e7e8a905f1ca29
2024-06-27,venezuela,Venezuela’s parties officially launch campaigns for presidential election,Political Events,https://apnews.com/video/venezuela-caracas-venezuela-government-spain-government-e5de73dfd4e043d2b8e35a27c3f6f4d8
2024-06-27,venezuela,Venezuela’s victories at Copa America bring joy and relief to Venezuelans,Other,https://apnews.com/video/venezuela-soccer-copa-america-db76863800c043b4a683462f90ebb7fe
2024-06-27,venezuela,At least three dead as storms batter Venezuela,Other,https://apnews.com/video/floods-venezuela-storms-15e8c84ff3e94df68fc94ae66f810d7f
2024-07-02,venezuela,"Ahead of election, Venezuela’s Maduro says he has agreed to resume negotiations with United States",Political Events,https://apnews.com/article/venezuela-united-states-negotiations-nicolas-maduro-3fa0b1326b860446c6707ba95a86435b
2024-07-01,venezuela,"Colombia captures one of the founders of the Tren de Aragua gang, wanted in Venezuela and Chile",Other,https://apnews.com/article/gang-leader-tren-de-aragua-colombia-venezuela-arrest-7f7390299e043747de298ffadd4a06fe
2024-07-01,venezuela,Eduard Bello leads 2nd-half charge in Venezuela’s 3-0 victory over Jamaica in Copa America,Other,https://apnews.com/article/jamaica-venezuela-score-copa-america-23e4816f51e3d19f7bed4a33e1cfa6d1
2024-06-30,venezuela,Venezuelans rehearse voting weeks before the pivotal presidential election,Political Events,https://apnews.com/article/venezuela-presidential-election-rehearsal-maduro-c8b8fd96f0f93fa7730158a1108993d8
2024-06-29,venezuela,"In an Argentine court, Venezuelans testify to alleged crimes against humanity under President Maduro",Political Events,https://apnews.com/article/maduro-venezuela-argentina-icc-78659641782e5ae217ec365e8c8e7b4f
2024-06-28,venezuela,Funeral held in Houston for 12-year-old girl whose body was found in a creek,Other,https://apnews.com/article/texas-girl-killed-houston-funeral-a5a9e4dd53182638e4f52d75c110c470
2024-06-27,venezuela,Venezuela advances to Copa America quarterfinals with a 1-0 win over Mexico on Rondón goal,Culture and Society,https://apnews.com/article/mexico-venezuela-score-dc03d531f518c26e7edb6cfafe21349a
2024-06-20,venezuela,"Without main opposition contender, Venezuela candidates vow to respect presidential election results",Political Events,https://apnews.com/article/venezuela-presidential-election-agreement-maduro-gonzalez-e0286498cdf5e805f46c29e97a173e38
2024-06-10,venezuela,Venezuela’s ruling party tests its organizing efforts ahead of next month’s presidential election,Political Events,https://apnews.com/article/venezuela-presidential-election-maduro-ruling-party-0d10d05931c668f73e6472a3dcd05640
2024-05-30,venezuela,Oil executives imprisoned five years in Venezuela sue former employer Citgo for $400 million,Other,https://apnews.com/article/citgo-venezuela-arrests-lawsuit-maduro-05cba74de04aa598bc315a9c9c8d90e4
2024-05-30,venezuela,"As Maduro shifts from migration denier to defender, Venezuelans consider leaving if he is reelected",Other,https://apnews.com/article/venezuela-election-migrants-maduro-9ba01c2cd7246adb9369bf69941d986a
2024-05-29,venezuela,Venezuela revokes invitation for European Union mission to observe presidential election in July,Political Events,https://apnews.com/article/venezuela-election-european-union-electoral-observers-maduro-5e05e255f0b67bf9f476aa7a1b889016
2024-05-23,venezuela,Baseball becomes a shelter for Venezuelan children in soccer-mad Peru,Sports,https://apnews.com/article/venezuela-peru-children-baseball-migrants-2db8aa8616bbcea874b703f87dd26f35
2024-05-18,venezuela,Venezuelan opposition presidential candidate Gonzalez seeks unity in first rally,Political Events,https://apnews.com/article/venezuela-elections-opposition-candidate-gonzalez-b374012f3f66bba1a05ed1a0c6b8e3f8
2024-05-16,venezuela,Venezuela’s barred opposition candidate is now the fiery surrogate of her lesser-known replacement,Political Events,https://apnews.com/article/venezuela-presidential-election-maduro-opposition-machado-edmundo-aecb49c26aba7dd7c98c0139282c8ade
2024-05-15,venezuela,Son-in-law of top opponent of Venezuela’s president pleads guilty to US money laundering charges,Political Events,https://apnews.com/article/venezuela-vuteff-money-laundering-48f1ba6f4a82a00adca7ccc0586b6e67
2024-05-10,venezuela,Ex-Venezuelan diplomat ‘never’ considered being president but will launch campaign this month,Political Events,https://apnews.com/article/venezuela-presidential-election-maduro-opposition-machado-edmundo-0c546cf1e940e4f299ee6d30a3d56a40
2024-04-25,venezuela,"Venezuela broke its HPV vaccine promises, and there’s barely any sex ed. Experts say it’s a problem",Health and Science,https://apnews.com/article/venezuela-health-infections-sti-hpv-vaccines-maduro-e22975e1280aee1ac3e3845c3eeac33b
2024-04-24,venezuela,"Francisco ‘Morochito’ Rodríguez, boxer who won Venezuela’s first Olympic gold medal, dies at 78",Sports,https://apnews.com/article/rodriguez-obituary-venezuela-gold-medalist-83b204813b4b1d08b39ac86b4677313c
2024-04-24,venezuela,Billionaire Texas oilman inks deal with Venezuela’s state-run oil giant as US sanctions loom,International Relations and Diplomacy,https://apnews.com/article/texas-billionaire-venezuela-oil-company-deal-lewis-6285b797a3648fd914218623e9fd0f1e
2024-04-22,venezuela,Venezuela’s president meets with accuser in ongoing criminal probe into human rights abuse,Political Events,https://apnews.com/article/venezuela-maduro-international-criminal-court-crackdown-343a1c90098910ae780b2637e7f222f0
2024-04-20,venezuela,Venezuela’s opposition backs unknown former diplomat in latest gambit to unseat Maduro,Political Events,https://apnews.com/article/venezuela-presidential-election-opposition-gonzalez-39e057ae9e9bbb8cc7d73fb760efb2db
2024-04-20,venezuela,Venezuela’s main opposition bloc agrees on candidate to challenge Maduro in presidential election,Political Events,https://apnews.com/article/venezuela-opposition-presidential-election-d3045f5d0cee4fa7ebafcf5e1733fcfd
2024-04-17,venezuela,US reimposes oil sanctions on Venezuela as hopes for a fair presidential election fades,Political Events,https://apnews.com/article/venezuela-united-states-sanctions-maduro-fair-elections-17589aed0dcab89ac1075dd041f8198d
2024-04-17,venezuela,Venezuela closes its embassy in Ecuador to protest the police raid on the Mexican Embassy there,Political Events,https://apnews.com/article/venezuela-closes-embassy-ecuador-mexico-3874d5469a5ef3665e2130b12c4c8776
2024-04-14,venezuela,Venezuelans living abroad want to vote for president this year but can’t meet absentee requirements,Political Events,https://apnews.com/article/venezuela-presidential-election-maduro-opposition-machado-migrants-5001f67210a52d20426e4a4937f1c9f0
2024-04-13,venezuela,Chile will ask Venezuela to extradite citizens suspected of killing an anti-Maduro dissident,Other,https://apnews.com/article/maduro-chile-venezuela-crime-killing-abduction-dissident-f7b042724294e88208252d76a6379a33
2024-04-10,venezuela,"Former Venezuelan oil minister is arrested in connection with corruption probe, authorities say",Political Events,https://apnews.com/article/venezuela-corruption-arrests-maduro-elaissami-eea92e199050fc414c3625e07bae6184
2024-04-08,venezuela,Retired Venezuelan general who defied Maduro gets over 21 years in US prison,Other,https://apnews.com/article/venezuela-maduro-drugs-cocaine-terror-military-coup-d1c6d2f42012455de6a868b0254498ac
2024-04-04,venezuela,Guyana condemns Venezuela for signing into law a referendum approving annexation of disputed region,Other,https://apnews.com/article/guyana-venezuela-essequibo-dispute-maduro-law-a72e94ed5417f99d090e1062c68017d7
2024-07-08,colombia,"Deforestation in Colombia fell to historic lows in 2023, environment minister says",Political Events,https://apnews.com/article/colombia-deforestation-amazon-petro-muhamad-e25c42cfb5607be9057382ac828d6568
2024-07-07,colombia,Colombia cruises past Panama 5-0 in Copa America to advance to the semifinals,Other,https://apnews.com/article/copa-america-colombia-panama-score-74e49f8ab48cc7b33aa00f280bd21e3d
2024-07-02,colombia,"José Raúl Mulino sworn in as Panama’s new president, promises to stop migration through Darien Gap",Political Events,https://apnews.com/article/panama-mulino-immigration-darien-gap-31f214b8c9885c6e9f943c5ed9cc9ac1
2024-06-29,colombia,Colombia dominates Costa Rica 3-0 to reach Copa America quarterfinals,Culture and Society,https://apnews.com/article/copa-america-colombia-costa-rica-2f5696dd6e5d4ce69eee87dcc7d3bc80
2024-06-29,colombia,Panama’s next president wants a deal with US on deporting migrants who cross the perilous Darien Gap,Political Events,https://apnews.com/article/panama-darien-gap-mulino-migration-adcd1e2a7058d1bb1fd0a7030515869a
2024-06-27,colombia,"Turkey halts Israeli imports and exports, as Colombia cuts diplomatic ties with Israel - AP explains",Political Events,https://apnews.com/video/colombia-israel-hamas-war-israel-government-colombia-government-israel-3b84c338cd07480a9559dea445d6578d
2024-06-27,colombia,"Body camera video shows police cutting chains, moving furniture at Columbia University",Security and Law Enforcement,https://apnews.com/video/law-enforcement-protests-and-demonstrations-colombia-colleges-and-universities-domestic-news-9ef9cc7244554ecc8bd3ed54e0738395
2024-06-27,colombia,Colombia’s president says country will break diplomatic relations with Israel over war in Gaza,Political Events,https://apnews.com/video/colombia-israel-hamas-war-colombia-government-israel-bf2b4d3591dc4f2c8fc1fed676502519
2024-07-01,colombia,"Colombia captures one of the founders of the Tren de Aragua gang, wanted in Venezuela and Chile",Other,https://apnews.com/article/gang-leader-tren-de-aragua-colombia-venezuela-arrest-7f7390299e043747de298ffadd4a06fe
2024-06-26,colombia,The collapse of a cable car in Colombia kills 1 person and injures 20,Other,https://apnews.com/article/medellin-colombia-cable-car-collapse-2d1be5aaf13785d0a89b05288d0f4d42
2024-06-24,colombia,Colombia launches talks with rebel group led by fighters who returned to arms after 2016 peace deal,Other,https://apnews.com/article/colombia-venezuela-rebel-groups-peace-talks-207b3d12d2f6728780c3ed5d4f4d87e8
2024-06-21,colombia,Single-A Carolina League Glance,Sports,https://apnews.com/sports/north-carolina-colombia-myrtle-beach-kannapolis-61b3fae0123e7447ef27e6d8bc34788b
2024-06-21,colombia,"After nearly 25 years away, Falcao returns home to Colombia to play for Millonarios de Bogotá",Other,https://apnews.com/article/radamel-falcao-millonarios-colombia-2d5c953d7d368abc8328f503f0a28c60
2024-06-13,colombia,Colombia plans to provide medical treatment to Palestinian children injured in Israel-Hamas war,Health and Science,https://apnews.com/article/colombia-petro-israel-hamas-palestinian-children-injured-22dbe602921e0c033580748df08ddae9
2024-06-11,colombia,"Florida jury finds Chiquita Brands liable for Colombia deaths, must pay $38.3M to family members",Other,https://apnews.com/article/chiquita-colombia-death-squads-jury-verdict-b2519c1bc2d7eb6bea207f543d8301fd
2024-06-10,colombia,Colombia marks 1st anniversary of rescue of 4 children in the Amazon after their plane crashed,Other,https://apnews.com/article/colombia-indigenous-kids-plane-crash-rescue-amazon-4fb1c8c9ce2b29994de15b909dd09d4f
2024-06-09,colombia,"Colombia routs sloppy US 5-1 in Copa America warmup, extends unbeaten streak to 22 games",Sports,https://apnews.com/article/united-states-colombia-score-e90c1767caf0059e2bd441ecbfefc666
2024-06-09,colombia,Colombia will suspend coal exports to Israel over war in Gaza,Economy and Trade,https://apnews.com/article/colombia-israel-coal-exports-467a61fed8c0779f27a3179629717436
2024-06-07,colombia,"Josh Sargent out for Colombia friendly, could miss Copa America",Other,https://apnews.com/article/sargent-josh-foot-injury-371cdab80dc9974aadd149b8bbc455e5
2024-06-04,colombia,Columbia University and a Jewish student agree on a settlement that imposes more safety measures,Other,https://apnews.com/article/columbia-israel-gaza-protests-settlement-f93e2ba27e0d7d018fc5d0115e9480e6
2024-05-29,colombia,"Colombia’s congress votes to ban bullfights, dealing a blow to the centuries-old tradition",Political Events,https://apnews.com/article/colombia-bullfights-ban-congress-b724b6b27cebceab8b8b3d42b4d6c2a5
2024-05-28,colombia,Insurance company Sura withdraws from Colombia’s health system as government pushes for control,Political Events,https://apnews.com/article/colombia-sura-health-care-insurance-901982bcf6bd717ce7b968a99203851f
2024-05-24,colombia,Colombia’s ex-President Uribe charged with witness tampering in polarizing legal battle,Political Events,https://apnews.com/article/colombia-alvaro-uribe-charges-witness-tampering-bd11a922142d000db1fcac178a1a147e
2024-05-20,colombia,Tennessee professor swept away by wave during Brazil study-abroad trip has died,International Relations and Diplomacy,https://apnews.com/article/tennessee-college-professor-killed-brazil-wave-ef071a41f025d117e59896ff9d1a706a
2024-05-20,colombia,Violence intensifies in southwest Colombia as FARC holdout group attacks police and military,Security and Law Enforcement,https://apnews.com/article/colombia-rebels-violence-farcemc-220e719762ca2d87823596b2778d43f3
2024-05-03,colombia,Colombia breaks diplomatic ties with Israel but its military relies on key Israeli-built equipment,Political Events,https://apnews.com/article/colombia-israel-diplomatic-ties-military-equipment-0c04009ccfc6110e20ee358403509500
2024-05-03,colombia,The Latest | Hamas will send a delegation to Cairo to keep up cease-fire talks,Other,https://apnews.com/article/israel-iran-hamas-latest-05-02-2024-674ba9c58c74dd5741f72dd0bb6ea353
2024-05-02,colombia,Colombia’s president says country will break diplomatic relations with Israel over war in Gaza,Political Events,https://apnews.com/article/colombia-petro-israel-netanyahu-hamas-palestinian-cfcddd89c649ad8111977d3cb5bc60bf
2024-04-30,colombia,Colombia’s president says thousands of grenades and bullets have gone missing from army bases,Political Events,https://apnews.com/article/colombia-military-ammunition-missing-99550fe1c32d61300d137b1a1d017744
2024-04-29,colombia,"A Colombian army helicopter has crashed in a rural area of the country’s north, killing 9 soldiers",Other,https://apnews.com/article/colombia-helicopter-crash-military-65cd04557f7c8d86c8000de5be414a01
2024-05-01,colombia,How Columbia University’s complex history with the student protest movement echoes into today,Political Events,https://apnews.com/article/columbia-gaza-campus-protests-1968-505f9da3aef5ce7a9f7d6eb962dacb5d
2024-04-27,colombia,Columbia protesters say they’re at an impasse with administrators and will continue anti-war camp,Political Events,https://apnews.com/article/israel-palestine-war-campus-protests-e8a2e657e2614f94373beae602e9ba9d
2024-04-25,colombia,"Columbia’s president, no stranger to complex challenges, walks tightrope on student protests",Political Events,https://apnews.com/article/columbia-president-minouche-shafik-protests-30a231f01f8a900ec9585dcf92337ec4
2024-04-23,colombia,Colombia rolls out new incentives to cut electricity consumption as dry weather persists,Other,https://apnews.com/article/colombia-electricity-crisis-drought-453a15f8227353d67622e2d2b3fe4ac7
2024-04-23,colombia,"With graduation near, colleges seek to balance safety and students’ right to protest Gaza war",Political Events,https://apnews.com/article/college-graduation-israel-gaza-protest-3b363f57cbe915e95b68eeed04ca342d
2024-04-22,colombia,Celebrity handbag designer sentenced to 18 months in prison for smuggling crocodile handbags,Culture and Society,https://apnews.com/article/fashion-designer-sentenced-nancy-gonzalez-d636a371d13bb1a912adc89679a80c0d
2024-04-18,colombia,"Police arrest dozens of pro-Palestinian protesters at Columbia, including congresswoman’s daughter",Political Events,https://apnews.com/article/columbia-protests-israel-palestinian-hirsi-cd80372939c7c08a40346e8b7d546da1
2024-04-17,colombia,Columbia’s president rebuts claims she has allowed the university to become a hotbed of antisemitism,Political Events,https://apnews.com/article/columbia-president-congress-israel-hamas-antisemitism-3255357b4443c1fb4bae8b8ea5774ee5
